Threshold,Accuracy,Precision,Recall,F1-Score,Specificity,TP,TN,FP,FN
0.1,0.9502719502719502,0.9122390891840607,0.9963730569948187,0.9524517087667161,0.9041947177628172,1923,1746,185,7
0.15,0.9634809634809635,0.9365544167886775,0.994300518134715,0.9645639607941694,0.9326773692387365,1919,1801,130,11
0.2,0.9712509712509713,0.9518132141082961,0.9927461139896373,0.9718488460563023,0.949766960124288,1916,1834,97,14
0.5,0.983941983941984,0.9839378238341969,0.9839378238341969,0.9839378238341969,0.983946141895391,1899,1900,31,31
